,marginal_conversions_t1,marginal_spend_t1,marginal_CAC_t1,marginal_conversions_t2,marginal_spend_t2,marginal_CAC_t2,marginal_conversions_t3,marginal_spend_t3,marginal_CAC_t3,marginal_conversions_t4,marginal_spend_t4,marginal_CAC_t4,marginal_conversions_t5,marginal_spend_t5,marginal_CAC_t5,marginal_conversions_t6,marginal_spend_t6,marginal_CAC_t6,marginal_conversions_t7,marginal_spend_t7,marginal_CAC_t7,marginal_conversions_t8,marginal_spend_t8,marginal_CAC_t8
bing,12.0,300.0,25.0,-9.0,100.0,-11.11111111111111,24.0,500.0,20.833333333333332,24.0,100.0,4.166666666666667,2.0,100.0,50.0,5.0,200.0,40.0,34.0,800.0,23.529411764705884,81.0,1600.0,19.753086419753085
display,1.0,12.0,12.0,6.0,1.0,0.16666666666666666,21.0,6.0,0.2857142857142857,-2.0,1.0,-0.5,36.0,9.0,0.25,2.0,2.0,1.0,110.0,63.0,0.5727272727272728,143.0,54.0,0.3776223776223776
facebook,177.0,9000.0,50.847457627118644,2542.0,1500.0,0.5900865460267506,197.0,500.0,2.5380710659898478,229.0,2000.0,8.733624454148472,296.0,1000.0,3.3783783783783785,871.0,2000.0,2.296211251435132,313.0,1000.0,3.194888178913738,1380.0,6000.0,4.3478260869565215
search,43.0,13000.0,302.3255813953488,826.0,5500.0,6.658595641646489,238.0,500.0,2.100840336134454,323.0,5000.0,15.479876160990711,129.0,1000.0,7.751937984496124,730.0,13000.0,17.80821917808219,121.0,3000.0,24.793388429752067,64.0,3000.0,46.875
youtube,0.0,90.0,inf,1.0,10.0,10.0,6.0,30.0,5.0,1.0,50.0,50.0,28.0,370.0,13.214285714285714,18.0,350.0,19.444444444444443,99.0,1520.0,15.353535353535353,155.0,1940.0,12.516129032258064
