,channel_allocation,channel_spend,CAC
bing,469,10800.0,23.02771855010661
display,679,366.0,0.5390279823269514
facebook,27340,113500.0,4.1514264813460136
search,12181,222500.0,18.266152204252524
youtube,567,8730.0,15.396825396825397
